
	<!DOCTYPE project [
		<!ELEMENT project (objectids-table | current-scenario | duration | aggregation-period | truncated-mean | percentile)* >
	
		<!ELEMENT objectids-table (objectids-entry)* >
		<!ELEMENT objectids-entry (#PCDATA)>
		<!ELEMENT duration (#PCDATA)>
		<!ELEMENT truncated-mean (#PCDATA)>
		<!ELEMENT percentile (#PCDATA)>
		<!ELEMENT aggregation-period (#PCDATA)>
		<!ELEMENT current-scenario (#PCDATA)>
		<!ATTLIST duration
		    value CDATA #REQUIRED>
	    <!ATTLIST aggregation-period
		    value CDATA #REQUIRED>
		<!ATTLIST objectids-entry
		    objectid CDATA #REQUIRED
		    type CDATA #REQUIRED
		    value CDATA #REQUIRED
		    key CDATA #REQUIRED>
		<!ATTLIST truncated-mean
		    centered-interval CDATA #REQUIRED
		    percentage CDATA #REQUIRED>
		 <!ATTLIST percentile
		    percentage CDATA #REQUIRED>
	]>


<!--****** RUNTIME PROJECT ******--><project>
<!--****** CURRENT SCENARIO ******-->
<current-scenario>PetstoreScenario</current-scenario>
<!--****** OBJECTIDS ******-->
<objectids-table>
<objectids-entry key="" objectid="0" type="LG_HOST" value="localhost:7100"/>
<objectids-entry key="" objectid="1" type="ZONE" value="Zone par défaut"/>
<objectids-entry key="Zone par défaut¤Petstore¤" objectid="2" type="POPULATION" value="Petstore"/>
<objectids-entry key="Zone par défaut¤Petstore¤Exercice3_Buyer" objectid="130" type="VIRTUAL_USER" value="Exercice3_Buyer"/>
<objectids-entry key="Zone par défaut¤Petstore¤Exercice3_Buyer" objectid="131" type="BASIC_LOGICAL_CONTAINER" value="$parent=Exercice3_Buyer;$index=0"/>
<objectids-entry key="Zone par défaut¤Petstore¤Exercice3_Buyer" objectid="132" type="BASIC_LOGICAL_CONTAINER" value="$parent=Exercice3_Buyer;$index=1"/>
<objectids-entry key="Zone par défaut¤Petstore¤Exercice3_Buyer" objectid="133" type="BASIC_LOGICAL_CONTAINER" value="99a8d59c-96b9-41be-ae56-22d2c306f602"/>
<objectids-entry key="Zone par défaut¤Petstore¤Exercice3_Buyer" objectid="134" type="HTTP_PAGE" value="06ca681b-7cc7-4371-a9ce-69bbcd8e4f20"/>
<objectids-entry key="Zone par défaut¤Petstore¤Exercice3_Buyer" objectid="135" type="ACTION" value="d3fd814a-d073-44ab-8d03-e169d3fa2aa1"/>
<objectids-entry key="Zone par défaut¤Petstore¤Exercice3_Buyer" objectid="136" type="ACTION" value="9953cbb7-266d-41d2-9cbf-a1e549392202"/>
<objectids-entry key="Zone par défaut¤Petstore¤Exercice3_Buyer" objectid="137" type="ACTION" value="af9a0173-cf26-494b-b358-23c74c6de2bf"/>
<objectids-entry key="Zone par défaut¤Petstore¤Exercice3_Buyer" objectid="138" type="ACTION" value="47366354-2928-42ea-88d1-8ef4fb654426"/>
<objectids-entry key="Zone par défaut¤Petstore¤Exercice3_Buyer" objectid="139" type="ACTION" value="a7ad106f-7e94-45bf-82f3-d1796cee62f2"/>
<objectids-entry key="Zone par défaut¤Petstore¤Exercice3_Buyer" objectid="140" type="ACTION" value="18035e78-fca0-4ee2-ad4e-d5733a26e107"/>
<objectids-entry key="Zone par défaut¤Petstore¤Exercice3_Buyer" objectid="141" type="ACTION" value="ffebdfed-057b-4f95-b191-ff056b3033cc"/>
<objectids-entry key="Zone par défaut¤Petstore¤Exercice3_Buyer" objectid="142" type="ACTION" value="afc23456-1860-445b-9dd5-9bf9d5e15991"/>
<objectids-entry key="Zone par défaut¤Petstore¤Exercice3_Buyer" objectid="143" type="ACTION" value="a12b1c8d-23cf-4c00-85bc-fe8102590b64"/>
<objectids-entry key="Zone par défaut¤Petstore¤Exercice3_Buyer" objectid="144" type="ACTION" value="d9c37bee-c85b-46ae-b124-26d8b29ad096"/>
<objectids-entry key="Zone par défaut¤Petstore¤Exercice3_Buyer" objectid="145" type="BASIC_LOGICAL_CONTAINER" value="b74c9de9-c453-40fd-9786-8076fea1c6e2"/>
<objectids-entry key="Zone par défaut¤Petstore¤Exercice3_Buyer" objectid="146" type="HTTP_PAGE" value="850f3364-fb00-4fea-880b-12dd313a8261"/>
<objectids-entry key="Zone par défaut¤Petstore¤Exercice3_Buyer" objectid="147" type="ACTION" value="3f0f309b-24f4-41ab-814e-efed6d2d94ad"/>
<objectids-entry key="Zone par défaut¤Petstore¤Exercice3_Buyer" objectid="148" type="ACTION" value="362f11ba-98d7-48ed-9b31-433fdcdde282"/>
<objectids-entry key="Zone par défaut¤Petstore¤Exercice3_Buyer" objectid="149" type="ACTION" value="419881af-1507-46c3-ac78-bedf4a1bc572"/>
<objectids-entry key="Zone par défaut¤Petstore¤Exercice3_Buyer" objectid="150" type="ACTION" value="afe12bce-a89d-4991-8098-a3457f710196"/>
<objectids-entry key="Zone par défaut¤Petstore¤Exercice3_Buyer" objectid="151" type="ACTION" value="006099c3-c7df-4405-95fc-40bec2c84507"/>
<objectids-entry key="Zone par défaut¤Petstore¤Exercice3_Buyer" objectid="152" type="ACTION" value="6ec0dafc-05d3-461f-838e-a0e601d40e00"/>
<objectids-entry key="Zone par défaut¤Petstore¤Exercice3_Buyer" objectid="153" type="ACTION" value="1000104a-0479-4455-b682-d51cb44887de"/>
<objectids-entry key="Zone par défaut¤Petstore¤Exercice3_Buyer" objectid="154" type="ACTION" value="5def7b9f-6a75-451a-9316-0b168b2d66d9"/>
<objectids-entry key="Zone par défaut¤Petstore¤Exercice3_Buyer" objectid="155" type="ACTION" value="1c9e43a8-f44e-4e8f-8676-baa536e58cd9"/>
<objectids-entry key="Zone par défaut¤Petstore¤Exercice3_Buyer" objectid="156" type="ACTION" value="3b1b9ec5-861f-4ff3-b222-692e9b7aca40"/>
<objectids-entry key="Zone par défaut¤Petstore¤Exercice3_Buyer" objectid="157" type="ACTION" value="31f2fe40-7371-4945-9f6c-269138e216b5"/>
<objectids-entry key="Zone par défaut¤Petstore¤Exercice3_Buyer" objectid="158" type="ACTION" value="9fc3e79e-7ff2-41ab-936f-39fc86764946"/>
<objectids-entry key="Zone par défaut¤Petstore¤Exercice3_Buyer" objectid="159" type="BASIC_LOGICAL_CONTAINER" value="eae8b22a-f75a-46d1-9848-258b149745d8"/>
<objectids-entry key="Zone par défaut¤Petstore¤Exercice3_Buyer" objectid="160" type="HTTP_PAGE" value="83a3f140-72dd-4654-b080-f50e78d61552"/>
<objectids-entry key="Zone par défaut¤Petstore¤Exercice3_Buyer" objectid="161" type="ACTION" value="d30bf410-abdb-4f25-b155-545097e9b42a"/>
<objectids-entry key="Zone par défaut¤Petstore¤Exercice3_Buyer" objectid="162" type="ACTION" value="6a04a5f9-6e5a-4f96-abf2-687639459f4a"/>
<objectids-entry key="Zone par défaut¤Petstore¤Exercice3_Buyer" objectid="163" type="ACTION" value="4515ddb6-58a5-4f71-8f8f-2e20a1824574"/>
<objectids-entry key="Zone par défaut¤Petstore¤Exercice3_Buyer" objectid="164" type="HTTP_PAGE" value="3da675f8-8af5-42f3-a843-ea9e1420e9b0"/>
<objectids-entry key="Zone par défaut¤Petstore¤Exercice3_Buyer" objectid="165" type="ACTION" value="4acba61f-c43e-4a72-83f3-b088805170d6"/>
<objectids-entry key="Zone par défaut¤Petstore¤Exercice3_Buyer" objectid="166" type="ACTION" value="effbbc9f-997c-4cc8-b8f6-272ca86a0ddb"/>
<objectids-entry key="Zone par défaut¤Petstore¤Exercice3_Buyer" objectid="167" type="ACTION" value="c3214d87-ac8a-411d-9a98-030203eace6e"/>
<objectids-entry key="Zone par défaut¤Petstore¤Exercice3_Buyer" objectid="168" type="ACTION" value="22527e42-5613-4a36-abd7-61818d751a18"/>
<objectids-entry key="Zone par défaut¤Petstore¤Exercice3_Buyer" objectid="169" type="BASIC_LOGICAL_CONTAINER" value="95c2f0ec-07c3-419a-a6fc-e268653150c4"/>
<objectids-entry key="Zone par défaut¤Petstore¤Exercice3_Buyer" objectid="170" type="HTTP_PAGE" value="87df9e39-7549-4bad-bf69-0e55e2fc7402"/>
<objectids-entry key="Zone par défaut¤Petstore¤Exercice3_Buyer" objectid="171" type="ACTION" value="3d3657f7-1a9d-4373-ae80-1a99e2fcf657"/>
<objectids-entry key="Zone par défaut¤Petstore¤Exercice3_Buyer" objectid="172" type="ACTION" value="9a0dbe0e-af0f-4a3d-80af-bbbc5cccd472"/>
<objectids-entry key="Zone par défaut¤Petstore¤Exercice3_Buyer" objectid="173" type="BASIC_LOGICAL_CONTAINER" value="e06988b4-56d4-4316-a6eb-ad2ff64c596b"/>
<objectids-entry key="Zone par défaut¤Petstore¤Exercice3_Buyer" objectid="174" type="HTTP_PAGE" value="d9131bab-dcf4-4f8b-80d2-f097329b9adb"/>
<objectids-entry key="Zone par défaut¤Petstore¤Exercice3_Buyer" objectid="175" type="ACTION" value="5706936f-e381-457f-a886-c80e3c0d80db"/>
<objectids-entry key="Zone par défaut¤Petstore¤Exercice3_Buyer" objectid="176" type="ACTION" value="19172c93-169c-4e1c-beda-e73fb62b6d46"/>
<objectids-entry key="Zone par défaut¤Petstore¤Exercice3_Buyer" objectid="177" type="BASIC_LOGICAL_CONTAINER" value="b2e57b2c-8ecb-48f3-bae1-94e2aa2c5c40"/>
<objectids-entry key="Zone par défaut¤Petstore¤Exercice3_Buyer" objectid="178" type="HTTP_PAGE" value="8219c6ff-39f8-420e-b3b4-4723c6563b59"/>
<objectids-entry key="Zone par défaut¤Petstore¤Exercice3_Buyer" objectid="179" type="ACTION" value="7da8a891-95f1-483f-9744-178e4350da50"/>
<objectids-entry key="Zone par défaut¤Petstore¤Exercice3_Buyer" objectid="180" type="ACTION" value="46a54667-0ada-4913-83bb-6bcdace12198"/>
<objectids-entry key="Zone par défaut¤Petstore¤Exercice3_Buyer" objectid="181" type="BASIC_LOGICAL_CONTAINER" value="7363486f-52d0-484c-b453-b4aa2a37153b"/>
<objectids-entry key="Zone par défaut¤Petstore¤Exercice3_Buyer" objectid="182" type="HTTP_PAGE" value="0a74cbbe-dd0d-47d4-b9c3-19a142f22c51"/>
<objectids-entry key="Zone par défaut¤Petstore¤Exercice3_Buyer" objectid="183" type="ACTION" value="da13c4be-5357-4be4-b126-65ca03ebbce4"/>
<objectids-entry key="Zone par défaut¤Petstore¤Exercice3_Buyer" objectid="184" type="ACTION" value="84aa0a05-033f-411d-9f22-e701daba6898"/>
<objectids-entry key="Zone par défaut¤Petstore¤Exercice3_Buyer" objectid="185" type="ACTION" value="3e647230-5fdb-422d-8ef1-c4754fe30e7b"/>
<objectids-entry key="Zone par défaut¤Petstore¤Exercice3_Buyer" objectid="186" type="ACTION" value="3f03433e-c9c9-4f8c-843c-7ae1ad5e16c0"/>
<objectids-entry key="Zone par défaut¤Petstore¤Exercice3_Buyer" objectid="187" type="BASIC_LOGICAL_CONTAINER" value="b61d1cef-e6d3-485b-8c45-74c397c5ba45"/>
<objectids-entry key="Zone par défaut¤Petstore¤Exercice3_Buyer" objectid="188" type="HTTP_PAGE" value="203a3f69-34d2-48cd-aa59-f379c28998bc"/>
<objectids-entry key="Zone par défaut¤Petstore¤Exercice3_Buyer" objectid="189" type="ACTION" value="e830ecfd-a6ee-4cf3-b20b-e87d757c783a"/>
<objectids-entry key="Zone par défaut¤Petstore¤Exercice3_Buyer" objectid="190" type="ACTION" value="83feb715-4d5c-4bde-9249-6f87dcb9f9b6"/>
<objectids-entry key="Zone par défaut¤Petstore¤Exercice3_Buyer" objectid="191" type="BASIC_LOGICAL_CONTAINER" value="c5bda792-c5a1-4cbe-8c57-2103d37aa8fe"/>
<objectids-entry key="Zone par défaut¤Petstore¤Exercice3_Buyer" objectid="192" type="HTTP_PAGE" value="c6bdef38-1772-41b8-af0c-48fdd311c242"/>
<objectids-entry key="Zone par défaut¤Petstore¤Exercice3_Buyer" objectid="193" type="ACTION" value="e9f11bb2-0960-4034-be89-f336bfa4223f"/>
<objectids-entry key="Zone par défaut¤Petstore¤Exercice3_Buyer" objectid="194" type="BASIC_LOGICAL_CONTAINER" value="27050fca-8c71-426b-a2be-e97366fdfd7e"/>
<objectids-entry key="Zone par défaut¤Petstore¤Exercice3_Buyer" objectid="195" type="HTTP_PAGE" value="8cc87121-e9ce-41d6-94ea-6e72307e7032"/>
<objectids-entry key="Zone par défaut¤Petstore¤Exercice3_Buyer" objectid="196" type="ACTION" value="ab127b78-04a2-46bd-8534-80a1d4928df4"/>
<objectids-entry key="Zone par défaut¤Petstore¤Exercice3_Buyer" objectid="197" type="DELAY" value="6d80be87-a0ad-456a-ad22-3af9093c419c"/>
<objectids-entry key="Zone par défaut¤Petstore¤Exercice3_Buyer" objectid="198" type="BASIC_LOGICAL_CONTAINER" value="dc6ce4be-d100-4ac7-98fa-454a3c17439d"/>
<objectids-entry key="Zone par défaut¤Petstore¤Exercice3_Buyer" objectid="199" type="HTTP_PAGE" value="a84a4b40-80ec-4aa0-9b1b-6bc52d5454ec"/>
<objectids-entry key="Zone par défaut¤Petstore¤Exercice3_Buyer" objectid="200" type="ACTION" value="bc0aea66-0cf3-47e5-9a86-77aebba0e929"/>
<objectids-entry key="Zone par défaut¤Petstore¤Exercice3_Buyer" objectid="201" type="BASIC_LOGICAL_CONTAINER" value="3e26f801-5dd2-456b-8ae3-f36dd87d6783"/>
<objectids-entry key="Zone par défaut¤Petstore¤Exercice3_Buyer" objectid="202" type="HTTP_PAGE" value="63049edd-bb52-4a2f-afc0-3acd12366097"/>
<objectids-entry key="Zone par défaut¤Petstore¤Exercice3_Buyer" objectid="203" type="ACTION" value="628c6ec2-2f44-4313-a7e3-679d93a27f00"/>
<objectids-entry key="Zone par défaut¤Petstore¤Exercice3_Buyer" objectid="204" type="BASIC_LOGICAL_CONTAINER" value="$parent=Exercice3_Buyer;$index=2"/>
<objectids-entry key="Zone par défaut¤Petstore¤Exercice11_Searcher_trycatch" objectid="205" type="VIRTUAL_USER" value="Exercice11_Searcher_trycatch"/>
<objectids-entry key="Zone par défaut¤Petstore¤Exercice11_Searcher_trycatch" objectid="206" type="BASIC_LOGICAL_CONTAINER" value="$parent=Exercice11_Searcher_trycatch;$index=0"/>
<objectids-entry key="Zone par défaut¤Petstore¤Exercice11_Searcher_trycatch" objectid="207" type="BASIC_LOGICAL_CONTAINER" value="$parent=Exercice11_Searcher_trycatch;$index=1"/>
<objectids-entry key="Zone par défaut¤Petstore¤Exercice11_Searcher_trycatch" objectid="208" type="BASIC_LOGICAL_CONTAINER" value="fa2d0580-fc25-4269-81ff-d4c230d11c76"/>
<objectids-entry key="Zone par défaut¤Petstore¤Exercice11_Searcher_trycatch" objectid="209" type="HTTP_PAGE" value="6a536465-dead-4b56-b36e-8b33b4889a4f"/>
<objectids-entry key="Zone par défaut¤Petstore¤Exercice11_Searcher_trycatch" objectid="210" type="ACTION" value="1103de75-befa-4a82-a004-4ec57e88019c"/>
<objectids-entry key="Zone par défaut¤Petstore¤Exercice11_Searcher_trycatch" objectid="211" type="ACTION" value="7d82f873-e984-45c6-956f-2a8cd385f487"/>
<objectids-entry key="Zone par défaut¤Petstore¤Exercice11_Searcher_trycatch" objectid="212" type="ACTION" value="675702a6-33e4-4e1a-8b05-ec3ea0c602fa"/>
<objectids-entry key="Zone par défaut¤Petstore¤Exercice11_Searcher_trycatch" objectid="213" type="ACTION" value="e97280d8-025d-4d49-9269-eac0f69cbf88"/>
<objectids-entry key="Zone par défaut¤Petstore¤Exercice11_Searcher_trycatch" objectid="214" type="ACTION" value="e30b0ee1-d8ca-4493-80a0-7039228f3f8a"/>
<objectids-entry key="Zone par défaut¤Petstore¤Exercice11_Searcher_trycatch" objectid="215" type="ACTION" value="9dc4c88b-4477-4a86-902f-7372717ef403"/>
<objectids-entry key="Zone par défaut¤Petstore¤Exercice11_Searcher_trycatch" objectid="216" type="ACTION" value="a11f2c54-bfd3-4785-88fa-27b532939848"/>
<objectids-entry key="Zone par défaut¤Petstore¤Exercice11_Searcher_trycatch" objectid="217" type="ACTION" value="7b8269d4-2e4b-459b-9d47-35effb001744"/>
<objectids-entry key="Zone par défaut¤Petstore¤Exercice11_Searcher_trycatch" objectid="218" type="ACTION" value="95cc99cf-9d45-4eb9-9017-052418ecefef"/>
<objectids-entry key="Zone par défaut¤Petstore¤Exercice11_Searcher_trycatch" objectid="219" type="ACTION" value="159f6512-2a9c-4630-b90d-25bd4a198778"/>
<objectids-entry key="Zone par défaut¤Petstore¤Exercice11_Searcher_trycatch" objectid="220" type="BASIC_LOGICAL_CONTAINER" value="b81f03ce-bcab-42ff-a293-937d5fdf08ef"/>
<objectids-entry key="Zone par défaut¤Petstore¤Exercice11_Searcher_trycatch" objectid="221" type="HTTP_PAGE" value="9fcd24d8-8ffb-4a08-be67-4ca6ea0cd594"/>
<objectids-entry key="Zone par défaut¤Petstore¤Exercice11_Searcher_trycatch" objectid="222" type="ACTION" value="a2656961-fcfe-49aa-8bef-08c3fe7d15ea"/>
<objectids-entry key="Zone par défaut¤Petstore¤Exercice11_Searcher_trycatch" objectid="223" type="ACTION" value="59d1f18e-d7f7-403d-b9df-5e0480ce5c28"/>
<objectids-entry key="Zone par défaut¤Petstore¤Exercice11_Searcher_trycatch" objectid="224" type="ACTION" value="92689204-e786-4b9b-949d-db505afbc5fd"/>
<objectids-entry key="Zone par défaut¤Petstore¤Exercice11_Searcher_trycatch" objectid="225" type="ACTION" value="95c54a01-5741-45cb-bf2b-77bdd4e2b919"/>
<objectids-entry key="Zone par défaut¤Petstore¤Exercice11_Searcher_trycatch" objectid="226" type="ACTION" value="690cb61c-c635-43f0-a832-9f67aabd0501"/>
<objectids-entry key="Zone par défaut¤Petstore¤Exercice11_Searcher_trycatch" objectid="227" type="ACTION" value="df366a8d-d183-4c1c-8922-f17f3f456394"/>
<objectids-entry key="Zone par défaut¤Petstore¤Exercice11_Searcher_trycatch" objectid="228" type="ACTION" value="e36169fc-60c1-4c16-be4c-fb1e58909aeb"/>
<objectids-entry key="Zone par défaut¤Petstore¤Exercice11_Searcher_trycatch" objectid="229" type="ACTION" value="1f12af35-6e14-445f-86bb-340ca1d342df"/>
<objectids-entry key="Zone par défaut¤Petstore¤Exercice11_Searcher_trycatch" objectid="230" type="ACTION" value="c56aa284-ff4d-4104-9bac-aca863fb414a"/>
<objectids-entry key="Zone par défaut¤Petstore¤Exercice11_Searcher_trycatch" objectid="231" type="ACTION" value="885ac368-5f21-4101-8189-c2c34301da35"/>
<objectids-entry key="Zone par défaut¤Petstore¤Exercice11_Searcher_trycatch" objectid="232" type="ACTION" value="0aa0c655-d85f-4f28-9e0f-760a26f65c47"/>
<objectids-entry key="Zone par défaut¤Petstore¤Exercice11_Searcher_trycatch" objectid="233" type="ACTION" value="5e8645a7-1dbb-40fb-8181-01be400e86b6"/>
<objectids-entry key="Zone par défaut¤Petstore¤Exercice11_Searcher_trycatch" objectid="234" type="LOOP" value="379f6aee-bacd-4146-9a98-b5f01efc189f"/>
<objectids-entry key="Zone par défaut¤Petstore¤Exercice11_Searcher_trycatch" objectid="235" type="BASIC_LOGICAL_CONTAINER" value="62a04fb6-d723-4f79-9eaf-93f1e403ea46"/>
<objectids-entry key="Zone par défaut¤Petstore¤Exercice11_Searcher_trycatch" objectid="236" type="HTTP_PAGE" value="1374008d-d83f-4e9b-9271-25c38d044f6f"/>
<objectids-entry key="Zone par défaut¤Petstore¤Exercice11_Searcher_trycatch" objectid="237" type="ACTION" value="82574fbd-6586-4bc5-8f55-29d9aecb4fd7"/>
<objectids-entry key="Zone par défaut¤Petstore¤Exercice11_Searcher_trycatch" objectid="238" type="ACTION" value="1e9485eb-5792-419e-ba0a-8311daa885dc"/>
<objectids-entry key="Zone par défaut¤Petstore¤Exercice11_Searcher_trycatch" objectid="239" type="DELAY" value="33897ff1-a4ef-4da7-bc19-385a078a5590"/>
<objectids-entry key="Zone par défaut¤Petstore¤Exercice11_Searcher_trycatch" objectid="240" type="BASIC_LOGICAL_CONTAINER" value="5c2d2c26-905b-46ed-85b1-cdc2f770cc0d"/>
<objectids-entry key="Zone par défaut¤Petstore¤Exercice11_Searcher_trycatch" objectid="241" type="TRY" value="f376d37c-ea9e-4022-a688-80faf20ad86e"/>
<objectids-entry key="Zone par défaut¤Petstore¤Exercice11_Searcher_trycatch" objectid="242" type="BASIC_LOGICAL_CONTAINER" value="$parent=f376d37c-ea9e-4022-a688-80faf20ad86e;$index=0"/>
<objectids-entry key="Zone par défaut¤Petstore¤Exercice11_Searcher_trycatch" objectid="243" type="HTTP_PAGE" value="90248033-5242-4128-b9a9-447a700c7a90"/>
<objectids-entry key="Zone par défaut¤Petstore¤Exercice11_Searcher_trycatch" objectid="244" type="ACTION" value="15166d82-7cc4-406d-9064-8c66f3cdefcc"/>
<objectids-entry key="Zone par défaut¤Petstore¤Exercice11_Searcher_trycatch" objectid="245" type="ACTION" value="ce9817a1-64da-4703-9b15-3ae75b40bb80"/>
<objectids-entry key="Zone par défaut¤Petstore¤Exercice11_Searcher_trycatch" objectid="246" type="BASIC_LOGICAL_CONTAINER" value="$parent=f376d37c-ea9e-4022-a688-80faf20ad86e;$index=1"/>
<objectids-entry key="Zone par défaut¤Petstore¤Exercice11_Searcher_trycatch" objectid="247" type="JS_ACTION" value="7b6dcc0a-28fb-4a81-baae-f9c19dd37912"/>
<objectids-entry key="Zone par défaut¤Petstore¤Exercice11_Searcher_trycatch" objectid="248" type="STOP_VU" value="89d69708-3c6a-4016-ab7b-4662e48e77b2"/>
<objectids-entry key="Zone par défaut¤Petstore¤Exercice11_Searcher_trycatch" objectid="249" type="BASIC_LOGICAL_CONTAINER" value="0179123b-8ab5-44fd-a258-9b989b2c83d3"/>
<objectids-entry key="Zone par défaut¤Petstore¤Exercice11_Searcher_trycatch" objectid="250" type="HTTP_PAGE" value="333bd14d-a335-42e9-b216-b668180d2d23"/>
<objectids-entry key="Zone par défaut¤Petstore¤Exercice11_Searcher_trycatch" objectid="251" type="ACTION" value="f4d70aca-b0de-4d11-aa05-5093fa28d2fb"/>
<objectids-entry key="Zone par défaut¤Petstore¤Exercice11_Searcher_trycatch" objectid="252" type="IF" value="c67c456c-db09-4a41-9c9d-f1b976e9775c"/>
<objectids-entry key="Zone par défaut¤Petstore¤Exercice11_Searcher_trycatch" objectid="253" type="BASIC_LOGICAL_CONTAINER" value="$parent=c67c456c-db09-4a41-9c9d-f1b976e9775c;$index=0"/>
<objectids-entry key="Zone par défaut¤Petstore¤Exercice11_Searcher_trycatch" objectid="254" type="STOP_VU" value="b85e72da-2324-41c3-ba08-3c86712b1a08"/>
<objectids-entry key="Zone par défaut¤Petstore¤Exercice11_Searcher_trycatch" objectid="255" type="BASIC_LOGICAL_CONTAINER" value="$parent=c67c456c-db09-4a41-9c9d-f1b976e9775c;$index=1"/>
<objectids-entry key="Zone par défaut¤Petstore¤Exercice11_Searcher_trycatch" objectid="256" type="BASIC_LOGICAL_CONTAINER" value="$parent=Exercice11_Searcher_trycatch;$index=2"/>
<objectids-entry key="¤¤" objectid="257" type="MONITORED_HOST" value="ServeurFormationNeoload"/>
<objectids-entry key="¤¤" objectid="258" type="MONITORCONNECTION" value="ServeurFormationNeoload$mysql"/>
<objectids-entry key="¤¤" objectid="259" type="MONITOR" value="ServeurFormationNeoload$mysql$Connections/ threads connected"/>
<objectids-entry key="¤¤" objectid="260" type="MONITOR" value="ServeurFormationNeoload$mysql$Connections/ aborted clients"/>
<objectids-entry key="¤¤" objectid="262" type="MONITOR" value="ServeurFormationNeoload$mysql$Connections/ aborted connects"/>
<objectids-entry key="¤¤" objectid="264" type="MONITOR" value="ServeurFormationNeoload$mysql$Connections/ max used"/>
<objectids-entry key="¤¤" objectid="265" type="MONITOR" value="ServeurFormationNeoload$mysql$Select Rates/ select full join"/>
<objectids-entry key="¤¤" objectid="267" type="MONITOR" value="ServeurFormationNeoload$mysql$Select Rates/ select range check"/>
<objectids-entry key="¤¤" objectid="268" type="MONITOR" value="ServeurFormationNeoload$mysql$Read Rates/ handler read random"/>
<objectids-entry key="¤¤" objectid="269" type="MONITOR" value="ServeurFormationNeoload$mysql$Read Rates/ handler read random next"/>
<objectids-entry key="¤¤" objectid="270" type="MONITOR" value="ServeurFormationNeoload$mysql$Key Rates/ key reads (disk)"/>
<objectids-entry key="¤¤" objectid="271" type="MONITOR" value="ServeurFormationNeoload$mysql$Key Rates/ key writes (disk)"/>
<objectids-entry key="¤¤" objectid="272" type="MONITOR" value="ServeurFormationNeoload$mysql$Commands Rates/ handler rollback"/>
<objectids-entry key="¤¤" objectid="273" type="MONITOR" value="ServeurFormationNeoload$mysql$Commands Rates/ handler savepoint rollback"/>
<objectids-entry key="¤¤" objectid="274" type="MONITOR" value="ServeurFormationNeoload$mysql$Tables/ table locks waited"/>
<objectids-entry key="¤¤" objectid="276" type="MONITOR" value="ServeurFormationNeoload$mysql$Tables/ table open cache"/>
<objectids-entry key="¤¤" objectid="277" type="MONITOR" value="ServeurFormationNeoload$mysql$Memory/ % key buffer size"/>
<objectids-entry key="¤¤" objectid="279" type="MONITOR" value="ServeurFormationNeoload$mysql$Misc./ slow queries"/>
<objectids-entry key="¤¤" objectid="281" type="MONITOR" value="ServeurFormationNeoload$mysql$Misc./ slow launch threads"/>
<objectids-entry key="¤¤" objectid="282" type="MONITOR" value="ServeurFormationNeoload$mysql$Misc./ sort merge passes"/>
<objectids-entry key="¤¤" objectid="284" type="MONITOR" value="ServeurFormationNeoload$mysql$Misc./ not flushed delayed rows"/>
<objectids-entry key="¤¤" objectid="285" type="MONITOR" value="ServeurFormationNeoload$mysql$Description/ Database Version"/>
<objectids-entry key="¤¤" objectid="286" type="MONITORCONNECTION" value="ServeurFormationNeoload$http-apache"/>
<objectids-entry key="¤¤" objectid="287" type="MONITORCONNECTION" value="ServeurFormationNeoload$tomcat"/>
<objectids-entry key="¤¤" objectid="288" type="MONITOR" value="ServeurFormationNeoload$tomcat$Session/localhost//addressbook-gwt/activeSessions"/>
<objectids-entry key="¤¤" objectid="289" type="MONITOR" value="ServeurFormationNeoload$tomcat$Session/localhost//addressbook-gwt/sessionCounter"/>
<objectids-entry key="¤¤" objectid="290" type="MONITOR" value="ServeurFormationNeoload$tomcat$Session/localhost//addressbook-gwt/maxActive"/>
<objectids-entry key="¤¤" objectid="291" type="MONITOR" value="ServeurFormationNeoload$tomcat$Session/localhost//addressbook-gwt/sessionMaxAliveTime"/>
<objectids-entry key="¤¤" objectid="292" type="MONITOR" value="ServeurFormationNeoload$tomcat$Session/localhost//addressbook-gwt/sessionAverageAliveTime"/>
<objectids-entry key="¤¤" objectid="293" type="MONITOR" value="ServeurFormationNeoload$tomcat$Session/localhost//addressbook-gwt/rejectedSessions"/>
<objectids-entry key="¤¤" objectid="294" type="MONITOR" value="ServeurFormationNeoload$tomcat$Session/localhost//addressbook-gwt/% rejectedSessions"/>
<objectids-entry key="¤¤" objectid="295" type="MONITOR" value="ServeurFormationNeoload$tomcat$Session/localhost//addressbook-gwt/expiredSessions"/>
<objectids-entry key="¤¤" objectid="296" type="MONITOR" value="ServeurFormationNeoload$tomcat$Session/localhost//auctionMonitor/activeSessions"/>
<objectids-entry key="¤¤" objectid="297" type="MONITOR" value="ServeurFormationNeoload$tomcat$Session/localhost//auctionMonitor/sessionCounter"/>
<objectids-entry key="¤¤" objectid="298" type="MONITOR" value="ServeurFormationNeoload$tomcat$Session/localhost//auctionMonitor/maxActive"/>
<objectids-entry key="¤¤" objectid="299" type="MONITOR" value="ServeurFormationNeoload$tomcat$Session/localhost//auctionMonitor/sessionMaxAliveTime"/>
<objectids-entry key="¤¤" objectid="300" type="MONITOR" value="ServeurFormationNeoload$tomcat$Session/localhost//auctionMonitor/sessionAverageAliveTime"/>
<objectids-entry key="¤¤" objectid="301" type="MONITOR" value="ServeurFormationNeoload$tomcat$Session/localhost//auctionMonitor/rejectedSessions"/>
<objectids-entry key="¤¤" objectid="302" type="MONITOR" value="ServeurFormationNeoload$tomcat$Session/localhost//auctionMonitor/% rejectedSessions"/>
<objectids-entry key="¤¤" objectid="303" type="MONITOR" value="ServeurFormationNeoload$tomcat$Session/localhost//auctionMonitor/expiredSessions"/>
<objectids-entry key="¤¤" objectid="304" type="MONITOR" value="ServeurFormationNeoload$tomcat$Session/localhost//certification/activeSessions"/>
<objectids-entry key="¤¤" objectid="305" type="MONITOR" value="ServeurFormationNeoload$tomcat$Session/localhost//certification/sessionCounter"/>
<objectids-entry key="¤¤" objectid="306" type="MONITOR" value="ServeurFormationNeoload$tomcat$Session/localhost//certification/maxActive"/>
<objectids-entry key="¤¤" objectid="307" type="MONITOR" value="ServeurFormationNeoload$tomcat$Session/localhost//certification/sessionMaxAliveTime"/>
<objectids-entry key="¤¤" objectid="308" type="MONITOR" value="ServeurFormationNeoload$tomcat$Session/localhost//certification/sessionAverageAliveTime"/>
<objectids-entry key="¤¤" objectid="309" type="MONITOR" value="ServeurFormationNeoload$tomcat$Session/localhost//certification/rejectedSessions"/>
<objectids-entry key="¤¤" objectid="310" type="MONITOR" value="ServeurFormationNeoload$tomcat$Session/localhost//certification/% rejectedSessions"/>
<objectids-entry key="¤¤" objectid="311" type="MONITOR" value="ServeurFormationNeoload$tomcat$Session/localhost//certification/expiredSessions"/>
<objectids-entry key="¤¤" objectid="312" type="MONITOR" value="ServeurFormationNeoload$tomcat$Session/localhost//CurrencyConverter/activeSessions"/>
<objectids-entry key="¤¤" objectid="313" type="MONITOR" value="ServeurFormationNeoload$tomcat$Session/localhost//CurrencyConverter/sessionCounter"/>
<objectids-entry key="¤¤" objectid="314" type="MONITOR" value="ServeurFormationNeoload$tomcat$Session/localhost//CurrencyConverter/maxActive"/>
<objectids-entry key="¤¤" objectid="315" type="MONITOR" value="ServeurFormationNeoload$tomcat$Session/localhost//CurrencyConverter/sessionMaxAliveTime"/>
<objectids-entry key="¤¤" objectid="316" type="MONITOR" value="ServeurFormationNeoload$tomcat$Session/localhost//CurrencyConverter/sessionAverageAliveTime"/>
<objectids-entry key="¤¤" objectid="317" type="MONITOR" value="ServeurFormationNeoload$tomcat$Session/localhost//CurrencyConverter/rejectedSessions"/>
<objectids-entry key="¤¤" objectid="318" type="MONITOR" value="ServeurFormationNeoload$tomcat$Session/localhost//CurrencyConverter/% rejectedSessions"/>
<objectids-entry key="¤¤" objectid="319" type="MONITOR" value="ServeurFormationNeoload$tomcat$Session/localhost//CurrencyConverter/expiredSessions"/>
<objectids-entry key="¤¤" objectid="320" type="MONITOR" value="ServeurFormationNeoload$tomcat$Session/localhost//host-manager/activeSessions"/>
<objectids-entry key="¤¤" objectid="321" type="MONITOR" value="ServeurFormationNeoload$tomcat$Session/localhost//host-manager/sessionCounter"/>
<objectids-entry key="¤¤" objectid="322" type="MONITOR" value="ServeurFormationNeoload$tomcat$Session/localhost//host-manager/maxActive"/>
<objectids-entry key="¤¤" objectid="323" type="MONITOR" value="ServeurFormationNeoload$tomcat$Session/localhost//host-manager/sessionMaxAliveTime"/>
<objectids-entry key="¤¤" objectid="324" type="MONITOR" value="ServeurFormationNeoload$tomcat$Session/localhost//host-manager/sessionAverageAliveTime"/>
<objectids-entry key="¤¤" objectid="325" type="MONITOR" value="ServeurFormationNeoload$tomcat$Session/localhost//host-manager/rejectedSessions"/>
<objectids-entry key="¤¤" objectid="326" type="MONITOR" value="ServeurFormationNeoload$tomcat$Session/localhost//host-manager/% rejectedSessions"/>
<objectids-entry key="¤¤" objectid="327" type="MONITOR" value="ServeurFormationNeoload$tomcat$Session/localhost//host-manager/expiredSessions"/>
<objectids-entry key="¤¤" objectid="328" type="MONITOR" value="ServeurFormationNeoload$tomcat$Session/localhost//jpetstore/activeSessions"/>
<objectids-entry key="¤¤" objectid="329" type="MONITOR" value="ServeurFormationNeoload$tomcat$Session/localhost//jpetstore/sessionCounter"/>
<objectids-entry key="¤¤" objectid="330" type="MONITOR" value="ServeurFormationNeoload$tomcat$Session/localhost//jpetstore/maxActive"/>
<objectids-entry key="¤¤" objectid="331" type="MONITOR" value="ServeurFormationNeoload$tomcat$Session/localhost//jpetstore/sessionMaxAliveTime"/>
<objectids-entry key="¤¤" objectid="332" type="MONITOR" value="ServeurFormationNeoload$tomcat$Session/localhost//jpetstore/sessionAverageAliveTime"/>
<objectids-entry key="¤¤" objectid="333" type="MONITOR" value="ServeurFormationNeoload$tomcat$Session/localhost//jpetstore/rejectedSessions"/>
<objectids-entry key="¤¤" objectid="334" type="MONITOR" value="ServeurFormationNeoload$tomcat$Session/localhost//jpetstore/% rejectedSessions"/>
<objectids-entry key="¤¤" objectid="335" type="MONITOR" value="ServeurFormationNeoload$tomcat$Session/localhost//jpetstore/expiredSessions"/>
<objectids-entry key="¤¤" objectid="336" type="MONITOR" value="ServeurFormationNeoload$tomcat$Session/localhost//manager/activeSessions"/>
<objectids-entry key="¤¤" objectid="337" type="MONITOR" value="ServeurFormationNeoload$tomcat$Session/localhost//manager/sessionCounter"/>
<objectids-entry key="¤¤" objectid="338" type="MONITOR" value="ServeurFormationNeoload$tomcat$Session/localhost//manager/maxActive"/>
<objectids-entry key="¤¤" objectid="339" type="MONITOR" value="ServeurFormationNeoload$tomcat$Session/localhost//manager/sessionMaxAliveTime"/>
<objectids-entry key="¤¤" objectid="340" type="MONITOR" value="ServeurFormationNeoload$tomcat$Session/localhost//manager/sessionAverageAliveTime"/>
<objectids-entry key="¤¤" objectid="341" type="MONITOR" value="ServeurFormationNeoload$tomcat$Session/localhost//manager/rejectedSessions"/>
<objectids-entry key="¤¤" objectid="342" type="MONITOR" value="ServeurFormationNeoload$tomcat$Session/localhost//manager/% rejectedSessions"/>
<objectids-entry key="¤¤" objectid="343" type="MONITOR" value="ServeurFormationNeoload$tomcat$Session/localhost//manager/expiredSessions"/>
<objectids-entry key="¤¤" objectid="344" type="MONITOR" value="ServeurFormationNeoload$tomcat$Session/localhost//neotys-chat/activeSessions"/>
<objectids-entry key="¤¤" objectid="345" type="MONITOR" value="ServeurFormationNeoload$tomcat$Session/localhost//neotys-chat/sessionCounter"/>
<objectids-entry key="¤¤" objectid="346" type="MONITOR" value="ServeurFormationNeoload$tomcat$Session/localhost//neotys-chat/maxActive"/>
<objectids-entry key="¤¤" objectid="347" type="MONITOR" value="ServeurFormationNeoload$tomcat$Session/localhost//neotys-chat/sessionMaxAliveTime"/>
<objectids-entry key="¤¤" objectid="348" type="MONITOR" value="ServeurFormationNeoload$tomcat$Session/localhost//neotys-chat/sessionAverageAliveTime"/>
<objectids-entry key="¤¤" objectid="349" type="MONITOR" value="ServeurFormationNeoload$tomcat$Session/localhost//neotys-chat/rejectedSessions"/>
<objectids-entry key="¤¤" objectid="350" type="MONITOR" value="ServeurFormationNeoload$tomcat$Session/localhost//neotys-chat/% rejectedSessions"/>
<objectids-entry key="¤¤" objectid="351" type="MONITOR" value="ServeurFormationNeoload$tomcat$Session/localhost//neotys-chat/expiredSessions"/>
<objectids-entry key="¤¤" objectid="352" type="MONITOR" value="ServeurFormationNeoload$tomcat$Session/localhost//nts/activeSessions"/>
<objectids-entry key="¤¤" objectid="353" type="MONITOR" value="ServeurFormationNeoload$tomcat$Session/localhost//nts/sessionCounter"/>
<objectids-entry key="¤¤" objectid="354" type="MONITOR" value="ServeurFormationNeoload$tomcat$Session/localhost//nts/maxActive"/>
<objectids-entry key="¤¤" objectid="355" type="MONITOR" value="ServeurFormationNeoload$tomcat$Session/localhost//nts/sessionMaxAliveTime"/>
<objectids-entry key="¤¤" objectid="356" type="MONITOR" value="ServeurFormationNeoload$tomcat$Session/localhost//nts/sessionAverageAliveTime"/>
<objectids-entry key="¤¤" objectid="357" type="MONITOR" value="ServeurFormationNeoload$tomcat$Session/localhost//nts/rejectedSessions"/>
<objectids-entry key="¤¤" objectid="358" type="MONITOR" value="ServeurFormationNeoload$tomcat$Session/localhost//nts/% rejectedSessions"/>
<objectids-entry key="¤¤" objectid="359" type="MONITOR" value="ServeurFormationNeoload$tomcat$Session/localhost//nts/expiredSessions"/>
<objectids-entry key="¤¤" objectid="360" type="MONITOR" value="ServeurFormationNeoload$tomcat$Session/localhost//subsonic/activeSessions"/>
<objectids-entry key="¤¤" objectid="361" type="MONITOR" value="ServeurFormationNeoload$tomcat$Session/localhost//subsonic/sessionCounter"/>
<objectids-entry key="¤¤" objectid="362" type="MONITOR" value="ServeurFormationNeoload$tomcat$Session/localhost//subsonic/maxActive"/>
<objectids-entry key="¤¤" objectid="363" type="MONITOR" value="ServeurFormationNeoload$tomcat$Session/localhost//subsonic/sessionMaxAliveTime"/>
<objectids-entry key="¤¤" objectid="364" type="MONITOR" value="ServeurFormationNeoload$tomcat$Session/localhost//subsonic/sessionAverageAliveTime"/>
<objectids-entry key="¤¤" objectid="365" type="MONITOR" value="ServeurFormationNeoload$tomcat$Session/localhost//subsonic/rejectedSessions"/>
<objectids-entry key="¤¤" objectid="366" type="MONITOR" value="ServeurFormationNeoload$tomcat$Session/localhost//subsonic/% rejectedSessions"/>
<objectids-entry key="¤¤" objectid="367" type="MONITOR" value="ServeurFormationNeoload$tomcat$Session/localhost//subsonic/expiredSessions"/>
<objectids-entry key="¤¤" objectid="368" type="MONITOR" value="ServeurFormationNeoload$tomcat$Session/localhost//zkspringwf/activeSessions"/>
<objectids-entry key="¤¤" objectid="369" type="MONITOR" value="ServeurFormationNeoload$tomcat$Session/localhost//zkspringwf/sessionCounter"/>
<objectids-entry key="¤¤" objectid="370" type="MONITOR" value="ServeurFormationNeoload$tomcat$Session/localhost//zkspringwf/maxActive"/>
<objectids-entry key="¤¤" objectid="371" type="MONITOR" value="ServeurFormationNeoload$tomcat$Session/localhost//zkspringwf/sessionMaxAliveTime"/>
<objectids-entry key="¤¤" objectid="372" type="MONITOR" value="ServeurFormationNeoload$tomcat$Session/localhost//zkspringwf/sessionAverageAliveTime"/>
<objectids-entry key="¤¤" objectid="373" type="MONITOR" value="ServeurFormationNeoload$tomcat$Session/localhost//zkspringwf/rejectedSessions"/>
<objectids-entry key="¤¤" objectid="374" type="MONITOR" value="ServeurFormationNeoload$tomcat$Session/localhost//zkspringwf/% rejectedSessions"/>
<objectids-entry key="¤¤" objectid="375" type="MONITOR" value="ServeurFormationNeoload$tomcat$Session/localhost//zkspringwf/expiredSessions"/>
<objectids-entry key="¤¤" objectid="376" type="MONITOR" value="ServeurFormationNeoload$tomcat$VM/Memory/Used"/>
<objectids-entry key="¤¤" objectid="377" type="MONITOR" value="ServeurFormationNeoload$tomcat$VM/Memory/% Used"/>
<objectids-entry key="¤¤" objectid="378" type="MONITOR" value="ServeurFormationNeoload$tomcat$VM/Memory/Commited"/>
<objectids-entry key="¤¤" objectid="379" type="MONITOR" value="ServeurFormationNeoload$tomcat$VM/Memory/Max"/>
<objectids-entry key="¤¤" objectid="380" type="MONITOR" value="ServeurFormationNeoload$tomcat$VM/Garbage Collector/PS MarkSweep/CollectionCount"/>
<objectids-entry key="¤¤" objectid="381" type="MONITOR" value="ServeurFormationNeoload$tomcat$VM/Garbage Collector/PS MarkSweep/CollectionTime"/>
<objectids-entry key="¤¤" objectid="382" type="MONITOR" value="ServeurFormationNeoload$tomcat$VM/Garbage Collector/PS Scavenge/CollectionCount"/>
<objectids-entry key="¤¤" objectid="383" type="MONITOR" value="ServeurFormationNeoload$tomcat$VM/Garbage Collector/PS Scavenge/CollectionTime"/>
<objectids-entry key="¤¤" objectid="384" type="MONITOR" value="ServeurFormationNeoload$tomcat$VM/Threads/ThreadCount"/>
<objectids-entry key="¤¤" objectid="385" type="MONITOR" value="ServeurFormationNeoload$tomcat$VM/Threads/DaemonThreadCount"/>
<objectids-entry key="¤¤" objectid="386" type="MONITOR" value="ServeurFormationNeoload$tomcat$VM/Threads/PeakThreadCount"/>
<objectids-entry key="¤¤" objectid="387" type="MONITORED_HOST" value="NeoLoad"/>
<objectids-entry key="¤¤" objectid="388" type="MONITORCONNECTION" value="NeoLoad$NeoLoad"/>
<objectids-entry key="¤¤" objectid="389" type="MONITOR" value="NeoLoad$NeoLoad$UserLoad"/>
<objectids-entry key="¤¤" objectid="390" type="MONITOR" value="NeoLoad$NeoLoad$throughput"/>
<objectids-entry key="¤¤" objectid="391" type="MONITOR" value="NeoLoad$NeoLoad$Alerts"/>
<objectids-entry key="¤¤" objectid="392" type="MONITOR" value="NeoLoad$NeoLoad$CriticalAlerts"/>
<objectids-entry key="¤¤" objectid="393" type="MONITOR" value="NeoLoad$NeoLoad$WarningAlerts"/>
<objectids-entry key="¤¤" objectid="394" type="MONITOR" value="NeoLoad$NeoLoad$cpu"/>
<objectids-entry key="¤¤" objectid="396" type="MONITOR" value="NeoLoad$NeoLoad$memory"/>
<objectids-entry key="¤¤" objectid="398" type="MONITOR" value="NeoLoad$NeoLoad$threadcount"/>
<objectids-entry key="¤¤" objectid="399" type="MONITOR" value="NeoLoad$NeoLoad$connectedlg"/>
<objectids-entry key="¤¤" objectid="400" type="MONITOR" value="NeoLoad$NeoLoad$totallgdisconnections"/>
<objectids-entry key="¤¤" objectid="402" type="MONITOR" value="NeoLoad$NeoLoad$totallgreconnections"/>
<objectids-entry key="¤¤" objectid="403" type="MONITOR" value="NeoLoad$NeoLoad$otcp.NeoLoad"/>
<objectids-entry key="¤¤" objectid="404" type="MONITOR" value="NeoLoad$NeoLoad$tcp.NeoLoad"/>
<objectids-entry key="¤¤" objectid="405" type="MONITOR" value="NeoLoad$NeoLoad$ibytesperinterface~NeoLoad~wlan1"/>
<objectids-entry key="¤¤" objectid="406" type="MONITOR" value="NeoLoad$NeoLoad$obytesperinterface~NeoLoad~wlan1"/>
<objectids-entry key="¤¤" objectid="407" type="MONITOR" value="NeoLoad$NeoLoad$ibytesperinterface~NeoLoad~wlan0"/>
<objectids-entry key="¤¤" objectid="408" type="MONITOR" value="NeoLoad$NeoLoad$obytesperinterface~NeoLoad~wlan0"/>
<objectids-entry key="¤¤" objectid="409" type="MONITOR" value="NeoLoad$NeoLoad$ibytesperinterface~NeoLoad~eth20"/>
<objectids-entry key="¤¤" objectid="410" type="MONITOR" value="NeoLoad$NeoLoad$obytesperinterface~NeoLoad~eth20"/>
<objectids-entry key="¤¤" objectid="411" type="MONITOR" value="NeoLoad$NeoLoad$ibytesperinterface~NeoLoad~eth4"/>
<objectids-entry key="¤¤" objectid="412" type="MONITOR" value="NeoLoad$NeoLoad$obytesperinterface~NeoLoad~eth4"/>
<objectids-entry key="¤¤" objectid="413" type="MONITOR" value="NeoLoad$NeoLoad$nlwebdownload"/>
<objectids-entry key="¤¤" objectid="414" type="MONITOR" value="NeoLoad$NeoLoad$nlwebupload"/>
<objectids-entry key="¤¤" objectid="415" type="MONITOR" value="NeoLoad$NeoLoad$SapUserLoad"/>
<objectids-entry key="¤¤" objectid="416" type="MONITOR" value="NeoLoad$NeoLoad$CitrixUserLoad"/>
<objectids-entry key="¤¤" objectid="417" type="MONITOR" value="NeoLoad$NeoLoad$zoneuserload~Zone par défaut"/>
<objectids-entry key="¤¤" objectid="418" type="MONITOR" value="NeoLoad$NeoLoad$zoneuserloadperpopulation~Zone par défaut~Petstore"/>
<objectids-entry key="¤¤" objectid="419" type="MONITOR" value="NeoLoad$NeoLoad$zoneuserloadperpopulation~Zone par défaut~Petstore~Exercice11_Searcher_trycatch"/>
<objectids-entry key="¤¤" objectid="420" type="MONITOR" value="NeoLoad$NeoLoad$zoneuserloadperpopulation~Zone par défaut~Petstore~Exercice3_Buyer"/>
<objectids-entry key="¤¤" objectid="421" type="MONITORED_HOST" value="Injecteur localhost:7100"/>
<objectids-entry key="¤¤" objectid="422" type="MONITORCONNECTION" value="Injecteur localhost:7100$NeoLoad"/>
<objectids-entry key="¤¤" objectid="423" type="MONITOR" value="Injecteur localhost:7100$NeoLoad$lgcpu.localhost:7100"/>
<objectids-entry key="¤¤" objectid="425" type="MONITOR" value="Injecteur localhost:7100$NeoLoad$lgmemory.localhost:7100"/>
<objectids-entry key="¤¤" objectid="427" type="MONITOR" value="Injecteur localhost:7100$NeoLoad$lgthroughput.localhost:7100"/>
<objectids-entry key="¤¤" objectid="428" type="MONITOR" value="Injecteur localhost:7100$NeoLoad$lguserloadperpopulation~localhost:7100"/>
<objectids-entry key="¤¤" objectid="429" type="MONITOR" value="Injecteur localhost:7100$NeoLoad$lgthreadcount.localhost:7100"/>
<objectids-entry key="¤¤" objectid="430" type="MONITOR" value="Injecteur localhost:7100$NeoLoad$lg.jetty.httpclient.threadpool.used.localhost:7100"/>
<objectids-entry key="¤¤" objectid="431" type="MONITOR" value="Injecteur localhost:7100$NeoLoad$lg.jetty.httpclient.taskpool.used.localhost:7100"/>
<objectids-entry key="¤¤" objectid="433" type="MONITOR" value="Injecteur localhost:7100$NeoLoad$lgdisconnections.localhost:7100"/>
<objectids-entry key="¤¤" objectid="434" type="MONITOR" value="Injecteur localhost:7100$NeoLoad$lgreconnections.localhost:7100"/>
<objectids-entry key="¤¤" objectid="435" type="MONITOR" value="Injecteur localhost:7100$NeoLoad$lgping.localhost:7100"/>
<objectids-entry key="¤¤" objectid="436" type="MONITOR" value="Injecteur localhost:7100$NeoLoad$lgotcp.localhost:7100"/>
<objectids-entry key="¤¤" objectid="437" type="MONITOR" value="Injecteur localhost:7100$NeoLoad$lgtcp.localhost:7100"/>
<objectids-entry key="¤¤" objectid="438" type="MONITOR" value="Injecteur localhost:7100$NeoLoad$lgibytesperinterface~localhost:7100~wlan1"/>
<objectids-entry key="¤¤" objectid="439" type="MONITOR" value="Injecteur localhost:7100$NeoLoad$lgobytesperinterface~localhost:7100~wlan1"/>
<objectids-entry key="¤¤" objectid="440" type="MONITOR" value="Injecteur localhost:7100$NeoLoad$lgibytesperinterface~localhost:7100~wlan0"/>
<objectids-entry key="¤¤" objectid="441" type="MONITOR" value="Injecteur localhost:7100$NeoLoad$lgobytesperinterface~localhost:7100~wlan0"/>
<objectids-entry key="¤¤" objectid="442" type="MONITOR" value="Injecteur localhost:7100$NeoLoad$lgibytesperinterface~localhost:7100~eth20"/>
<objectids-entry key="¤¤" objectid="443" type="MONITOR" value="Injecteur localhost:7100$NeoLoad$lgobytesperinterface~localhost:7100~eth20"/>
<objectids-entry key="¤¤" objectid="444" type="MONITOR" value="Injecteur localhost:7100$NeoLoad$lgibytesperinterface~localhost:7100~eth4"/>
<objectids-entry key="¤¤" objectid="445" type="MONITOR" value="Injecteur localhost:7100$NeoLoad$lgobytesperinterface~localhost:7100~eth4"/>
<objectids-entry key="¤¤" objectid="446" type="THRESHOLD" value="NeoLoad$NeoLoad$7a638818-f31b-420a-9b61-00fd93aaf611"/>
<objectids-entry key="¤¤" objectid="447" type="THRESHOLD" value="NeoLoad$NeoLoad$7b3b3939-343d-440c-8554-8c1aa01e827d"/>
<objectids-entry key="¤¤" objectid="448" type="THRESHOLD" value="NeoLoad$NeoLoad$9a2a66a4-be5d-41bb-850c-32425bad7ed6"/>
<objectids-entry key="¤¤" objectid="449" type="THRESHOLD" value="ServeurFormationNeoload$mysql$66608ddc-ed2a-4b41-b695-2dfcdc33bfef"/>
<objectids-entry key="¤¤" objectid="450" type="THRESHOLD" value="ServeurFormationNeoload$mysql$186a1d6d-43bb-4a63-bebb-2572650f3f64"/>
<objectids-entry key="¤¤" objectid="451" type="THRESHOLD" value="ServeurFormationNeoload$mysql$7245433e-3d4f-48ca-a250-96e1067d9ada"/>
<objectids-entry key="¤¤" objectid="452" type="THRESHOLD" value="ServeurFormationNeoload$mysql$a68fe2b7-a25e-4f48-b5c1-e69762871758"/>
<objectids-entry key="¤¤" objectid="453" type="THRESHOLD" value="ServeurFormationNeoload$mysql$6f503c1e-201f-4fbe-8af7-25be97a05e0c"/>
<objectids-entry key="¤¤" objectid="454" type="THRESHOLD" value="ServeurFormationNeoload$mysql$d5940fd9-7256-4386-b9a5-8e3c99a1f90d"/>
<objectids-entry key="¤¤" objectid="455" type="THRESHOLD" value="ServeurFormationNeoload$mysql$634017ec-7f91-4616-9ba0-d959f5d5ce5d"/>
<objectids-entry key="¤¤" objectid="456" type="THRESHOLD" value="Injecteur localhost:7100$NeoLoad$04a67050-ce49-4c3c-b3da-1b59e6871f8f"/>
<objectids-entry key="¤¤" objectid="457" type="THRESHOLD" value="Injecteur localhost:7100$NeoLoad$fe2490b9-b871-4cba-8781-86dba885cb64"/>
<objectids-entry key="¤¤" objectid="458" type="THRESHOLD" value="Injecteur localhost:7100$NeoLoad$3aba58e9-33c5-4f67-95c9-f437bbe76aee"/>
</objectids-table>
<!--****** DURATION ******-->
<duration value="720078"/>
<!--****** AGGREGATION PERIOD ******-->
<aggregation-period value="1000"/>
<!--****** EXTENDED STATISTICS ******-->
<truncated-mean centered-interval="true" percentage="90"/>
<percentile percentage="50"/>
</project>
